dataset,model,history_fraction,n_series,n_history_median,mape_median,mape_mean,mape_percent_median,mape_percent_mean,smape_percent_median,smape_percent_mean,mae_median,mae_mean,rmse_median,rmse_mean,mase_median,mase_mean,rmsse_median,rmsse_mean,ecp_median,ecp_mean,mean_width_median,mean_width_mean,interval_score_median,interval_score_mean,msis_median,msis_mean,elapsed_seconds_median,elapsed_seconds_mean
Tourism,S3FastSketchForecaster,1.0,199,158.0,0.16643038543270508,10737.990838393702,16.643038543270507,1073799.0838393704,16.377923064816198,19.400270301379024,366.4585151457716,1671.8579872267119,493.0318174716108,2306.495047901916,1.0020664808920432,1.102291672735095,0.971214555601084,1.0664998754183086,0.8536585365853658,0.8483854177444078,1585.2781033769459,6306.102800831365,2267.0721267400263,11430.001247372742,6.17309871661003,7.265457634696177,67.55039217599915,70.40698568725637
Tourism,S3Forecaster,1.0,199,158.0,0.18090870833064987,11628.689342966489,18.090870833064987,1162868.934296649,17.0906237609602,19.126863271770866,395.5446528866741,1689.187728116297,507.2546803851227,2320.732253860734,1.0309216544744817,1.104927335798391,0.9729983721908068,1.0683712039007573,0.8787878787878788,0.8873921927237285,1678.377535337853,6965.780311735351,2248.096973797423,11795.797600669786,6.214673686490713,7.215265493377041,65.33621853999989,68.04897976089448
CIF,S3FastSketchForecaster,0.25,47,22.0,0.05982821129682692,0.06631009404401621,5.9828211296826925,6.631009404401621,6.043422331056824,6.759615491816206,40.21338604240404,57.03403919833035,48.72492890337148,72.66131090412121,0.7200866882084556,0.9271338673870527,0.8014591564983341,0.9743762074584535,0.8636363636363636,0.8520309477756286,163.9854892159151,211.67701989788733,212.77789420465552,365.1410518826213,4.041156050999298,6.039821100951289,9.705897363000986,10.527712249872337
CIF,S3FastSketchForecaster,0.5,61,43.0,0.05554013554825398,0.12558660307784664,5.554013554825398,12.558660307784665,5.564403394803211,10.405550273477123,47.45748608900354,489316.7471674247,54.96109588653559,590987.8480926972,0.6284457773756263,0.7374803810727295,0.6702901063514217,0.750086618796897,0.9090909090909091,0.8702281325232145,183.66789507684643,9621010.396522038,238.91603288117082,9726521.603033299,3.1954492412841087,4.843688061689705,25.514112447001025,25.981205054868937
CIF,S3FastSketchForecaster,0.75,65,65.0,0.0489382454049797,0.08365959071323852,4.89382454049797,8.365959071323852,4.934165724384472,7.919318645205018,45.350915250432784,652820.4016574882,58.904789524803626,773061.865632744,0.5169883048008901,0.5680984467106599,0.5148742665314818,0.5665273212879778,0.9545454545454546,0.9134634596173058,226.98204699638265,11395524.857743269,276.7960482190934,11468820.838487634,2.715058394499413,3.466122851982054,48.38210882000021,45.27940565966142
CIF,S3FastSketchForecaster,1.0,65,86.0,0.04995566495700496,0.08606777845002503,4.995566495700496,8.606777845002503,5.060634506813337,7.772907287034057,40.731842866901566,674030.5162100723,53.43748299096551,830706.8419300359,0.5743925659942773,0.5644008672352672,0.581311608298602,0.5676865195092534,0.9545454545454546,0.9088699761776685,212.6475174801494,12677644.444062404,242.57817243954014,13328653.635160206,2.797205901856163,3.628215102177135,66.22218218200032,64.7970798485076
CIF,S3Forecaster,0.5,53,43.0,0.04972085873107694,0.07844542094380555,4.9720858731076945,7.8445420943805555,4.9061817898654265,7.887280956468835,39.58243792351352,345.7597174042871,47.54342451804339,440.38682011278024,0.6278135469298153,0.7638061259006492,0.6626693381480434,0.7659450968084599,0.9545454545454546,0.9307296477107797,178.56809341528927,2815.225823260642,214.05744563513565,2871.3291059464673,3.4671766475949832,4.211317923605617,25.01653077600031,27.740589825698116
CIF,S3Forecaster,0.75,61,65.0,0.05129293911767876,0.07581218910497023,5.129293911767876,7.581218910497023,5.287078610604752,7.431279723803829,42.116552293723146,522796.3117621796,52.987889581489796,632562.3374564482,0.5763750891711248,0.5839265427403293,0.5688838977341748,0.5881530837455595,1.0,0.9513683038273203,262.21990405723807,11305802.020643538,262.21990405723807,11315061.271117939,3.1742893468323494,3.589755804544686,45.62015324299955,44.92840802604914
CIF,S3Forecaster,1.0,65,86.0,0.051330042864029576,0.07567533208841534,5.133004286402958,7.567533208841533,5.2215605108905025,7.514672554759518,41.8185705991785,631261.5514111583,53.43748299096551,793613.498912043,0.5849170191779804,0.5710546530097096,0.5698155109298333,0.5776829190392407,1.0,0.9550949050949051,238.71034804025902,12850497.661115538,244.8207732768362,13355453.700784646,3.019653478099536,3.5834322008740878,60.76906374800001,60.46063725204608
M3,S3FastSketchForecaster,0.25,149,23.0,0.07640183058364847,0.15189700385219357,7.640183058364847,15.189700385219355,7.658967216767078,13.557361868389746,406.8181818181818,616.3404259684085,481.2627213816448,752.2399996587816,1.082716085960338,1.5241035795995816,1.1030810590535707,1.5146648578363604,0.7083333333333334,0.6661666041551553,1150.7058370915825,1695.0533712827264,2589.1957503480985,4288.037177070074,6.925731740973129,11.105433714554904,0.27893650800001524,0.28062984288590237
M3,S3FastSketchForecaster,0.5,199,46.0,0.09679029293291998,0.20774098428750384,9.679029293291999,20.774098428750385,10.189671976737275,18.033910717889245,487.1787817242037,754.1244825066766,600.8176247263542,915.4760088999818,0.8540124370743264,1.0209769201431889,0.8290155106427501,1.0038837289400986,0.8125,0.7607996193874113,1457.4359489191,2238.779596472473,2637.095116437891,4895.910731079838,4.549177842097969,6.695290252950795,0.3586519350000117,0.3118969933115588
M3,S3FastSketchForecaster,0.75,199,69.0,0.09135691434049559,0.20975765035640379,9.135691434049559,20.975765035640382,9.162198315336187,17.114352264572425,461.02752970552336,729.546376215412,583.6366402044916,896.0240725391318,0.720961863605256,0.9178566107031788,0.7096608270698582,0.9019768610375756,0.8461538461538461,0.8096029224495083,1470.048126903185,2341.9000351602576,2666.8902600561228,4895.734596195829,3.871641547406106,6.170328796844239,0.4630205710000155,0.40083457923115295
M3,S3FastSketchForecaster,1.0,199,91.0,0.08796578539565446,0.20406083829291974,8.796578539565445,20.406083829291976,8.771990225564972,15.655049111718473,432.0769230769231,664.9143896323283,529.3736502117022,826.606374131483,0.6734010385342859,0.7879678328266454,0.6613928725693914,0.7801500135723518,0.875,0.837347789908387,1544.3756508734798,2301.9544002477046,2362.058245804613,4233.462311806181,3.50161866719188,5.167718488354778,0.5873204440000563,0.5022823279648241
M3,S3Forecaster,0.25,143,23.0,0.06109878106007107,0.11100587774289544,6.109878106007107,11.100587774289544,5.894702206566691,10.66671884862221,290.0156306635494,444.72885216007984,389.4212652115653,555.5200144882469,0.7972332451499118,1.013894616440246,0.8070933107694741,1.021935312140435,0.875,0.8564874635853656,1338.5441330366593,1933.3311605951,1856.6287279757598,2909.5444864957262,3.9996275359163467,6.413562322157576,0.2663418729999876,0.2697675538321658
M3,S3Forecaster,0.5,155,46.0,0.051781780670565686,0.09540221765341288,5.178178067056568,9.540221765341286,5.186403866984587,9.117880627324602,269.86641976311734,390.8011011215725,363.58149209023,497.6762639040296,0.5547994913623396,0.717130285971891,0.5953639963074578,0.7428872201291622,0.9583333333333334,0.9242648098264796,1516.6384366858501,1994.4474288594529,1861.7711083167176,2733.3548690452344,3.063881992168362,5.1010488624750865,0.3197714990000122,0.31930947839354407
M3,S3Forecaster,0.75,199,69.0,0.07015747149304997,0.15721920293746375,7.015747149304998,15.721920293746376,7.2316066086890505,13.12409041423041,337.56731224867434,559.2047682638635,429.25018109309053,704.2533587002117,0.5688134978229319,0.6671034793340844,0.57786605406903,0.6727777834032267,0.9615384615384616,0.9264948008932637,1748.1768290649043,2752.0326670348936,2312.365059810978,3692.3244241605857,3.0358812636519157,4.545371903633114,0.3557423119999612,0.32404073133165756
M3,S3Forecaster,1.0,199,91.0,0.07038475547871254,0.15088864126389903,7.038475547871253,15.088864126389902,7.07246921609128,12.795609005611718,319.6807228468827,532.3060623669896,416.205632487344,663.3829958733579,0.5325355428741181,0.6122171138072792,0.5297688552441181,0.6080280250508044,1.0,0.9331178344760964,1769.3433067150863,2725.997139306061,2204.241386639509,3421.5510853229766,2.992679972236435,4.1889832630445625,0.3870082480000292,0.35525971233165343
M4,S3FastSketchForecaster,0.25,153,40.0,0.03440990096350858,0.11552612946273952,3.4409900963508577,11.552612946273953,3.5020575203689877,8.593099399451049,150.64777540247735,415.18606382922326,186.71930152230007,514.6602549534222,0.6079054179341332,0.7868754960186328,0.6178732263027964,0.7904098178219308,0.9512195121951219,0.9479713989461985,837.5093992756703,2102.239171805882,982.5935716839782,2425.672004541662,3.41687703900495,4.564540677539196,0.4286108559999775,0.38599017194770696
M4,S3FastSketchForecaster,0.5,199,76.0,0.0528700848056005,0.09709350614750946,5.28700848056005,9.709350614750948,5.315776774199836,8.861556597005434,172.71428571428572,360.54089451435107,214.90198467344783,458.50567762945553,0.4980748116179134,0.6018141669289169,0.5074539796194167,0.5949676057062196,0.9512195121951219,0.9471778516413035,943.4026025215724,2009.422885230863,1029.6834889010054,2343.867080387828,3.010912030851127,3.6580385639809694,0.6153363739999804,0.47739383608545516
M4,S3FastSketchForecaster,0.75,199,114.0,0.04356313189786631,0.10158512458876777,4.356313189786631,10.158512458876778,4.473504256402131,8.56736732226214,149.39959274085746,369.69630104084774,186.55329714270414,475.6794130398612,0.40632126317237716,0.5476164150140449,0.4042906361499464,0.5324349348073467,0.9512195121951219,0.9488648951554474,820.4850475909689,2145.9283122201427,928.1627187484139,2427.1880681991024,2.616659980619231,3.3679443031394505,0.8894843410002977,0.6746171340653325
M4,S3FastSketchForecaster,1.0,199,151.0,0.03967537131044722,0.09246735617210639,3.967537131044722,9.246735617210637,3.982338380531205,8.264020160495235,142.7483115230539,315.9804632036927,170.0142972618428,400.9227385786392,0.39042714273310003,0.5071700929793511,0.3726244821105507,0.4883777485029803,0.9512195121951219,0.9487999646571426,748.376147676929,2167.3635214173673,873.6989842235487,2439.72300839041,2.405430102524642,3.2039862510358073,1.1976833090002401,0.9040756099748685
M4,S3Forecaster,0.25,145,40.0,0.028652732676779823,0.07812613087902838,2.865273267677982,7.812613087902838,2.852982920872257,6.755319730674515,132.95236503555455,320.31542298039034,165.71857783541412,418.1856301196775,0.5458449433673673,0.6690109366875359,0.5469648352644386,0.6999711263622722,0.975609756097561,0.9683041003776909,816.5885096167827,2161.3830380848426,886.4846270673088,2401.928037485894,3.6499216386786113,4.622918364623792,0.27183748700008437,0.26530179660001146
M4,S3Forecaster,0.5,199,76.0,0.043074750997978924,0.09939868062875,4.307475099797893,9.939868062875,4.3323244994276,8.986327745278851,166.01132159897696,353.1594131714314,197.87091968112685,447.79984118710234,0.4608593478149131,0.6108483872404408,0.4591108849002746,0.6094844505830063,0.975609756097561,0.9642022501999559,1158.2428500658805,2259.983188136224,1231.9460207419102,2542.4354846118995,3.035126511617615,4.166602079396702,0.29733823700007633,0.2560524197085407
M4,S3Forecaster,0.75,199,114.0,0.03942364877971969,0.09121253032054139,3.942364877971969,9.121253032054138,3.8369873661665035,7.793079407667041,137.4856732434275,322.32716323878265,178.06844214481507,417.13329369092486,0.4281578314524087,0.5467889343377003,0.41675753187917886,0.5470118200234814,0.975609756097561,0.970559651711341,1098.678270294267,2169.6043454093788,1139.3349825481312,2418.699591532233,2.8064894341301274,3.9238946626347135,0.33163886700003786,0.2879339188391978
M4,S3Forecaster,1.0,199,151.0,0.04046119622434648,0.08961328441641063,4.046119622434648,8.961328441641063,3.9697936672720973,7.641857247703974,139.12124331869802,322.7974751473539,181.24168093685432,416.7459344719205,0.40014384974809364,0.5308809594749785,0.3928339694013157,0.5244988897157475,0.975609756097561,0.9695493696187846,1043.0296245357097,2164.5575543323,1105.4295244459242,2421.8663454885595,2.7220052062340416,3.8152855825029692,0.39139795599976424,0.3271647636231192
