dataset,model,regime,n_series,n_points,mape_median,mape_percent_median,mape_percent_iqr,smape_percent_median,smape_percent_iqr,mase_median,mase_iqr,rmse_median,rmse_iqr,ecp_mean,mean_width_median,msis_median
CIF,AR,non_shock,40,,0.04878552695727745,4.8785526957277465,,4.803958482179461,,0.6222119660910679,,42.579603164574735,,0.9366477272727274,,3.829200950913349
CIF,AR,shock,25,,0.1197319360132923,11.97319360132923,,11.631126515047375,,0.6014541712170823,,177.28251125483388,,0.9679120879120879,,3.630777344725135
CIF,ARIMA,non_shock,40,,0.0791954894439525,7.919548944395254,,7.654848507643441,,0.8239551303224812,,49.7056625268332,,0.9375,,4.799691441520704
CIF,ARIMA,shock,25,,0.0922858579256439,9.228585792564395,,9.020958885502486,,0.4761615004803481,,191.7178757132196,,0.9416244866244867,,3.2332490835638112
CIF,CNN,non_shock,66,674,,9.774492402417966,27.06360459339679,9.989892462527477,23.817681550964295,1.0927156261307926,1.1041717738372014,115.76113790062223,292.72029851039025,0.9286424854606673,636.1878301069892,7.073391614131192
CIF,CNN,shock,14,64,,20.877679376936918,14.422272220705093,21.063375720995168,13.76956890655661,3.0687440385828864,2.375428303949,223.45099557082204,159.6459933396714,0.5767857142857142,651.4048684479915,14.16794501214643
CIF,Chronos-Bolt-Small,non_shock,66,674,,7.667220133615144,15.69792062022716,7.567137824276943,14.286209161159785,0.6334260536554865,0.6715362412472314,80.11864534947455,247.6243939369395,0.910376492194674,370.527699571689,4.242929303717522
CIF,Chronos-Bolt-Small,shock,14,64,,17.96223130610442,11.75067309101228,18.77717623686455,14.538583201297403,2.133677841048593,2.365577362115705,154.8227358572741,118.93548879073315,0.7928571428571428,394.18853693666097,7.960896600748113
CIF,ETS,non_shock,40,,0.0391646819930685,3.916468199306851,,3.901123672177781,,0.6150489942002768,,39.370783440596824,,0.937784090909091,,3.0828189300223734
CIF,ETS,shock,25,,0.0749979271495128,7.499792714951282,,7.068178381482114,,0.5442257932140322,,163.27187885577763,,0.941848151848152,,2.905219884446792
CIF,EasyTSF-DLinear,non_shock,66,674,,8.744463708874378,25.496091612844694,9.213127390920093,20.621913702463953,0.7898333040590111,0.8094283413652212,83.65338153686533,226.03089730728212,0.9425619834710744,369.4652354080376,4.817533419000583
CIF,EasyTSF-DLinear,shock,14,64,,20.832641872682082,24.441672176000544,22.54238964138089,20.206952342646368,2.910246138315749,2.3343037189622065,166.23067003514657,269.08587499736257,0.5619047619047619,421.8837233083939,8.159381967365292
CIF,EasyTSF-NLinear,non_shock,66,674,,8.328664395454883,14.758121103554831,8.169963658626642,12.869333653217412,0.8026070213213118,0.636093840713448,87.89037063750706,195.90421450328864,0.9317263544536272,407.2428939219711,4.565582193188092
CIF,EasyTSF-NLinear,shock,14,64,,20.636323736010418,18.36095730502758,21.22530791032338,13.64833131081757,3.140616262458768,1.2273689478954388,187.81552651203828,142.1268517410902,0.5363095238095238,452.75725311054583,9.640380276562702
CIF,GPR,non_shock,40,,0.0472923391605922,4.729233916059222,,4.814362747392433,,0.6663966303892253,,41.21381296292493,,0.9366477272727274,,3.3391905208727644
CIF,GPR,shock,25,,0.1055851562629388,10.558515626293886,,10.338498348090315,,0.6155035760509274,,195.63267999732892,,0.9264546564546565,,3.581475971219592
CIF,KRR,non_shock,40,,0.0752592497321045,7.525924973210452,,7.650185111891293,,0.9667801138155192,,60.089108198570166,,0.937784090909091,,4.5960437611995655
CIF,KRR,shock,25,,0.1123929202768366,11.23929202768367,,10.527690993642048,,0.6594103677521491,,213.1258477287884,,0.9153796203796205,,3.5955880060564778
CIF,LSTM,non_shock,66,674,,16.008931271784157,23.877322282548327,15.62762417827929,19.090903346439937,1.5608374636999605,1.7353321145803626,151.5204150664097,393.96105705214364,0.921541169268442,612.2422485251521,7.323500190312473
CIF,LSTM,shock,14,64,,24.302729601112972,28.989126335540927,27.807141664111093,16.043733143471492,4.982401121249437,2.3582213460418044,342.60346209306664,261.91198367453296,0.6369047619047619,763.8277000462763,18.230861727839237
CIF,Naive,non_shock,40,,0.0992725610685878,9.927256106858781,,9.844762499928063,,1.033154812146948,,68.74448210793746,,0.9318181818181819,,5.920240464145613
CIF,Naive,shock,25,,0.0934347173310971,9.34347173310972,,9.209770893015389,,0.6117631517675374,,184.7668605682668,,0.9497052947052947,,3.4001281899835547
CIF,S3FastSketchForecaster,non_shock,40,,0.038207223795616946,3.8207223795616976,,3.8242712811349153,,0.5838193866855983,,39.37983114407149,,0.9238636363636363,,2.7927909132266437
CIF,S3FastSketchForecaster,shock,25,,0.0777091716192942,7.770917161929423,,7.282165059338601,,0.5610184533655522,,164.5728917835078,,0.8848801198801199,,2.9145820758405216
CIF,S3Forecaster,non_shock,40,,0.04045071192434595,4.0450711924346034,,4.030627832441875,,0.5963955631414197,,41.51372453773613,,0.9568181818181818,,3.0298993418477647
CIF,S3Forecaster,shock,25,,0.0793951290665525,7.939512906655249,,8.109412889759486,,0.5610184533655522,,164.64968389422248,,0.9523376623376624,,3.003926522371628
CIF,SeasonalNaive,non_shock,40,,0.0735054236815323,7.350542368153235,,7.367748133414439,,0.9715383551599945,,59.61599841261963,,0.9301136363636363,,4.960558710042382
CIF,SeasonalNaive,shock,25,,0.1693209983669268,16.93209983669269,,16.310100273157378,,1.003980751041959,,288.1150449770753,,0.921037296037296,,4.951683917501348
CIF,Theta,non_shock,40,,0.0427658912054672,4.276589120546721,,4.316889422881687,,0.6600011869772004,,44.404579101512645,,0.9375,,3.516008745411025
CIF,Theta,shock,25,,0.0876046045591529,8.760460455915297,,8.345988964166681,,0.5484316792584863,,155.19431886608254,,0.9382079032079033,,3.091625470551015
CIF,TimesFM-2.5-200M,non_shock,66,674,,6.260772905044725,10.928828745987174,6.251829249392374,11.161634679052415,0.5215604785232715,0.5053057616347942,53.865208170418356,168.61873739809306,0.935376492194674,265.843671660341,3.4328863014545306
CIF,TimesFM-2.5-200M,shock,14,64,,17.636569089488788,9.707842117056622,19.65098728772103,14.046688399201066,2.5969550858817225,1.9693900640123791,157.13193047870604,153.08986764275102,0.4880952380952381,353.61899613074723,8.055117886097076
M4,AR,non_shock,83,,0.0134055290835652,1.3405529083565266,,1.3421607423737634,,0.3137451186167242,,81.3247008332203,,0.9173625779227655,,1.903356941456763
M4,AR,shock,116,,0.0500116105463096,5.001161054630962,,5.019245277446938,,0.3716444469301373,,220.553419032541,,0.9250643422878795,,2.524038107227441
M4,ARIMA,non_shock,83,,0.015981843835274,1.5981843835274092,,1.587738593310107,,0.3058094282288673,,81.52244297579995,,0.9040321944174432,,1.978566878131195
M4,ARIMA,shock,116,,0.052478212849878206,5.247821284987828,,5.2312088921538695,,0.38710189259204986,,214.41323402393198,,0.9194220431442856,,2.6662316122833536
M4,ETS,non_shock,83,,0.0122719043546311,1.227190435463118,,1.2331180644819644,,0.2887874083196505,,74.61259368406343,,0.9102467635504584,,1.586447829485991
M4,ETS,shock,116,,0.0485772502894783,4.857725028947833,,4.897934294275494,,0.36420051738816317,,243.20052727713633,,0.9253106603822574,,2.2755535816393087
M4,GPR,non_shock,83,,0.0136113561810277,1.3611356181027776,,1.3657016436766,,0.3002617930002952,,85.76368947559156,,0.9209718691742704,,1.862595260173268
M4,GPR,shock,116,,0.0506183378955663,5.061833789556637,,5.095730953606424,,0.39374950006782683,,224.42492851142276,,0.9148951723342359,,2.5967057500285886
M4,KRR,non_shock,83,,0.0385166027775431,3.85166027775432,,3.878839935873936,,0.9157869725635208,,205.45969856488887,,0.899050147742716,,3.760395315066512
M4,KRR,shock,116,,0.0861282665877744,8.612826658777443,,8.561302321581831,,0.513824354852248,,294.5341107205493,,0.9055671557819314,,2.9977585949550036
M4,Naive,non_shock,83,,0.0166859676975657,1.6685967697565731,,1.6600663506630753,,0.2962850472855474,,91.26122061265384,,0.9100004241795988,,2.194426383197496
M4,Naive,shock,116,,0.0574816909764538,5.748169097645386,,5.646847725757217,,0.45751736962192824,,276.3602671365169,,0.9056386520668132,,2.8225590442942075
M4,S3FastSketchForecaster,non_shock,83,,0.0173016452954728,1.7301645295472865,,1.748941977302267,,0.344222527504434,,96.31381831636966,,0.9501452834825357,,2.0961432522441856
M4,S3FastSketchForecaster,shock,116,,0.0658926863709847,6.589268637098478,,6.463931741226057,,0.42370251597697894,,246.81114556937726,,0.9478373658424217,,2.70114221232187
M4,S3Forecaster,non_shock,83,,0.018248322590821,1.824832259082105,,1.7966347331194323,,0.3842934001101999,,100.47531664781708,,0.9696251516166222,,2.493948429848553
M4,S3Forecaster,shock,116,,0.06457317321923026,6.457317321923027,,6.495831676393217,,0.4206722808265751,,241.11144653266192,,0.9694951462927456,,3.104778796675565
M4,SeasonalNaive,non_shock,83,,0.0501126273060716,5.011262730607166,,5.034201911053352,,1.0199663024266132,,272.5546605728841,,0.8943244512195817,,4.526099840437657
M4,SeasonalNaive,shock,116,,0.1373000494685725,13.730004946857253,,13.869076845834865,,0.7739441203647446,,521.2652103416062,,0.908334047448169,,4.505319797484606
M4,Theta,non_shock,83,,0.0148062956947533,1.4806295694753309,,1.4688328464134834,,0.2928154757148251,,79.38837638682456,,0.9004631986375856,,1.6950920885602276
M4,Theta,shock,116,,0.05087449798488575,5.087449798488578,,5.090439271211839,,0.34607926087676005,,207.75058575276157,,0.9053075654178263,,2.2790332346336597
M3,AR,non_shock,88,,0.02321685941823195,2.3216859418232,,2.3341257379288716,,0.4084433142586635,,193.98606338492112,,0.9295581423923669,,2.164928506916529
M3,AR,shock,111,,0.0966928120188252,9.66928120188252,,10.355525684758776,,0.6157186796354042,,537.5504213979814,,0.926834635952283,,3.67365875793156
M3,ARIMA,non_shock,88,,0.0213691901836994,2.136919018369948,,2.148281861897771,,0.3447249276038638,,168.66513455125744,,0.9296051597689299,,2.1920450977088892
M3,ARIMA,shock,111,,0.0970012372832152,9.700123728321524,,9.570247268042737,,0.5703405844710848,,535.1015788933865,,0.9286528301234184,,3.444493837494392
M3,CNN,non_shock,200,3414,,12.83821548561625,21.40942733630953,12.545369812480352,21.256513331227467,0.9880306848395268,0.8804129327026016,716.8610162768708,817.7706823171184,0.9308535304564717,2971.764485677083,5.671083769439282
M3,CNN,shock,46,186,,24.588210073945717,33.70673447433935,25.9654676994402,34.74881025653207,2.376726333058865,2.184747961890791,1410.8146423596277,1585.7298669544102,0.6855754752493882,3994.803548177083,10.044635201107651
M3,Chronos-Bolt-Small,non_shock,200,3414,,7.62419985090977,15.049296871078244,7.5228912044714775,15.857822974790125,0.6886701005816535,0.5563898927365218,525.0920844403084,658.3098402382068,0.9214377685223273,2216.714042075164,4.003093788144993
M3,Chronos-Bolt-Small,shock,46,186,,20.47212762470383,26.49177929046158,22.813686612992214,27.15955197321265,2.2967257782704222,1.393537154508886,1270.3730973460906,1414.393043199865,0.6569687558817994,3171.9547119140625,9.551367758143918
M3,ETS,non_shock,88,,0.022048520594656153,2.204852059465618,,2.208719254695572,,0.35110680919898923,,170.07434866632087,,0.9392980159323742,,2.1337846842395676
M3,ETS,shock,111,,0.0873975387996192,8.73975387996192,,8.482963812978763,,0.5898253140188707,,467.2060037792013,,0.9320821397291986,,3.4565970431081405
M3,EasyTSF-DLinear,non_shock,200,3414,,9.612452003464306,18.582439456039847,10.004983549377535,16.1600502073734,0.8047275386268551,0.6710390900300236,631.8551226566674,753.8200478731701,0.8999498691667809,2343.4275101241965,4.4883626995204065
M3,EasyTSF-DLinear,shock,46,186,,23.125849570909175,27.925772972848748,24.301451018085217,26.08682605011679,2.4392843162275466,1.7416670184807082,1346.0062438218229,1699.2524671809413,0.6027667984189723,3527.478995162829,10.793797599580216
M3,EasyTSF-NLinear,non_shock,200,3414,,9.89018120937364,19.441359913799122,9.550640125016344,18.07821848174345,0.8034042102050962,0.6181324471682798,643.1851633167603,737.7116777271474,0.9296194695827049,2785.2036110990457,4.890369774233781
M3,EasyTSF-NLinear,shock,46,186,,20.78383963093289,23.37888688800857,21.815851522132114,26.788285313987643,2.1312575499332187,1.4046213201971582,1286.4147457842892,1461.4922885909289,0.6640410314323357,3377.9073797359515,8.836381762161327
M3,GPR,non_shock,88,,0.02606079665178305,2.6060796651783087,,2.6012325676054404,,0.39138960959507163,,177.8089439811703,,0.9306580462763617,,2.2222521371422785
M3,GPR,shock,111,,0.0906869563046497,9.06869563046498,,9.197179153281498,,0.5636459343570326,,519.7074414022566,,0.9256424771130655,,3.23472739969347
M3,KRR,non_shock,88,,0.04985413034105365,4.98541303410537,,4.829695467490036,,0.643347969908551,,320.717710102869,,0.9190202522522042,,3.154886103461177
M3,KRR,shock,111,,0.1128578450722135,11.285784507221358,,11.989829799492806,,0.6321928327292948,,618.0539810172506,,0.922575575369693,,3.4951272232595656
M3,LSTM,non_shock,200,3414,,13.290156814699152,22.30997077498252,13.3350452491013,21.346962312229092,1.1023114185023453,1.0802280127880315,754.6142581753452,817.8927269487638,0.9094877936605877,2872.416536458333,5.332268734347782
M3,LSTM,shock,46,186,,25.957241992563695,27.996933142017852,29.058313441216622,28.47772382259622,3.416043744024618,2.495667818409113,1641.9266396624948,1644.7176564960882,0.623341332580463,3810.12060546875,13.326548109545456
M3,Naive,non_shock,88,,0.0206342138805325,2.063421388053258,,2.098586333079521,,0.34126072849641087,,174.24675099866175,,0.9303755747372058,,2.2322201339502095
M3,Naive,shock,111,,0.0991962544325206,9.91962544325206,,9.726292434217546,,0.6582185491276401,,552.2700356779212,,0.9307948322654206,,3.9798807749627434
M3,S3FastSketchForecaster,non_shock,88,,0.04848551273104265,4.848551273104272,,4.775855074266956,,0.5956010998261099,,336.9806512765331,,0.8558453099930372,,2.721850076088664
M3,S3FastSketchForecaster,shock,111,,0.130797650870297,13.0797650870297,,12.220847237122571,,0.7338713747841429,,713.223528867753,,0.8226830893007364,,3.6676304512164415
M3,S3Forecaster,non_shock,88,,0.029509390391287797,2.950939039128786,,2.9003465032373246,,0.3797657414198651,,199.7806916798928,,0.9512237762237763,,2.992679972236432
M3,S3Forecaster,shock,111,,0.0984813006985416,9.848130069854165,,10.041021779037724,,0.5968655686428268,,545.2031709299423,,0.9187635743518097,,3.160581198235464
M3,SeasonalNaive,non_shock,88,,0.06326171606663045,6.326171606663051,,6.295395920044767,,0.8735806451024009,,399.8251254818638,,0.9208739845270594,,4.219758239988359
M3,SeasonalNaive,shock,111,,0.1356495396347963,13.564953963479631,,13.995071446113284,,0.7595921861623472,,749.244063484434,,0.9191215505921388,,4.766382991796983
M3,Theta,non_shock,88,,0.0221007595596706,2.210075955967067,,2.2029820618823805,,0.32430529640941536,,176.66231342360015,,0.9316005429508103,,1.997974546666918
M3,Theta,shock,111,,0.0815841069395964,8.158410693959643,,8.096515083610452,,0.5366823355090382,,440.6125912254919,,0.9313314939785529,,3.3960328685302112
M3,TimesFM-2.5-200M,non_shock,200,3414,,7.815047466690594,15.965916984162776,7.9206125874442,15.455030472989769,0.6722173971990494,0.5152111504500043,526.3016588162934,654.7491441358271,0.917751639700169,2237.5146484375,3.914432381160205
M3,TimesFM-2.5-200M,shock,46,186,,21.498891297579746,22.089097886376827,24.219619151928228,27.26476283379429,2.3364799941677985,1.2806763268379013,1292.411383901772,1232.4678409989233,0.5839356295878035,3249.8408203125,9.335386302163613
Tourism,AR,non_shock,31,,0.1731622110509247,17.31622110509247,,16.269083564035142,,1.1537868284361,,547.7461545168894,,0.9129144655501854,,6.8387003913083575
Tourism,AR,shock,168,,0.2221345102840923,22.21345102840924,,20.41898263929178,,1.210901705673624,,612.8790240011672,,0.9083876344329307,,7.484743864340421
Tourism,ARIMA,non_shock,31,,0.273156483913301,27.315648391330104,,23.693986811941137,,2.070056851815225,,1051.8333221153696,,0.9051815218613016,,11.621224141272071
Tourism,ARIMA,shock,168,,0.318153169584672,31.815316958467207,,27.898187422251844,,1.8530419574353783,,899.6207682001572,,0.9012799724472199,,11.239657464973728
Tourism,ETS,non_shock,31,,0.1499407469272436,14.994074692724366,,14.224243119820542,,0.955186852816056,,414.1931430621347,,0.9058334269978645,,6.134828398792538
Tourism,ETS,shock,168,,0.1836671968995195,18.366719689951953,,17.357605210449726,,1.044249687614983,,500.12599509436944,,0.910274974734905,,6.52130335875006
Tourism,GPR,non_shock,31,,0.1483635288399453,14.836352883994538,,14.991496968822135,,1.1437736867211028,,533.4229875943563,,0.9089805552433404,,7.052613639821167
Tourism,GPR,shock,168,,0.21198689513008429,21.19868951300844,,18.975099709108022,,1.1663547140610193,,568.4601874898816,,0.9098663338210377,,7.686604246817106
Tourism,KRR,non_shock,31,,0.1853078995402014,18.530789954020147,,18.373727196021264,,1.4982961930155414,,612.1485711194545,,0.9074069911206025,,9.59986498601436
Tourism,KRR,shock,168,,0.2548357647055412,25.483576470554127,,23.345654556552937,,1.447415735496823,,725.6862173840684,,0.9073359277192031,,9.38332244068712
Tourism,Naive,non_shock,31,,0.3333351120643105,33.33351120643105,,30.22104714262184,,2.5048428404978167,,1409.6839725410175,,0.8994042935821064,,16.44260777414407
Tourism,Naive,shock,168,,0.3292967075153733,32.92967075153733,,30.47788885898729,,2.066808541637082,,1040.9835167966753,,0.8990360297851587,,12.804377006691617
Tourism,S3FastSketchForecaster,non_shock,31,,0.1491730154598667,14.917301545986676,,14.214924357760786,,0.9720903421932594,,407.5480033736841,,0.8402607620546252,,5.4672539698801925
Tourism,S3FastSketchForecaster,shock,168,,0.18666026510187728,18.666026510187738,,17.4717902894768,,1.0345206547912382,,514.7060081193288,,0.8498846101633558,,6.277612911753504
Tourism,S3Forecaster,non_shock,31,,0.1490460414859187,14.904604148591876,,14.634956121430823,,1.0020313422870948,,436.0940086440235,,0.8759357086658425,,5.660032764069421
Tourism,S3Forecaster,shock,168,,0.18721145030847275,18.72114503084728,,17.678897451621143,,1.0375619895548844,,509.9473275338253,,0.8895061868058385,,6.3376143353939085
Tourism,SeasonalNaive,non_shock,31,,0.1846117924462985,18.461179244629854,,18.81547828945384,,1.3048166184386214,,492.8317874606988,,0.9043947397999327,,7.386194759226134
Tourism,SeasonalNaive,shock,168,,0.24062510769596973,24.062510769596976,,22.776646867292374,,1.2659920039472787,,687.7074279752221,,0.9092794545756219,,8.026282258794385
Tourism,Theta,non_shock,31,,0.1347613568611113,13.47613568611113,,13.384981829584971,,0.9976903648929648,,534.9333242349212,,0.9168483758570305,,6.307316307719386
Tourism,Theta,shock,168,,0.19445576855164595,19.445576855164596,,17.460184820608724,,1.0269999523216795,,524.4932058520424,,0.9049592490359041,,6.59369102318408
